{"cameraMode":{"drawMode":0,"name":"Shaded","section":"Shading Mode"},"sceneLighting":true,"audioPlay":false,"sceneViewState":{"showFog":true,"showMaterialUpdate":false,"showSkybox":true,"showFlares":true,"showImageEffects":true,"showParticleSystems":true},"in2DMode":false,"pivot":{"x":-54.26475524902344,"y":55.990821838378909,"z":-35.14948654174805},"rotation":{"x":-0.09016836434602738,"y":-0.8494740724563599,"z":-0.1543176770210266,"w":0.4964965283870697},"size":52.131195068359378,"orthographic":false}