{"cameraMode":{"drawMode":0,"name":"Shaded","section":"Shading Mode"},"sceneLighting":false,"audioPlay":false,"sceneViewState":{"showFog":true,"showMaterialUpdate":false,"showSkybox":false,"showFlares":true,"showImageEffects":true,"showParticleSystems":true},"in2DMode":false,"pivot":{"x":-88.92123413085938,"y":5.877116680145264,"z":-39.37190628051758},"rotation":{"x":-0.014932362362742424,"y":0.09373477101325989,"z":0.0014314588624984027,"w":0.9955494403839111},"size":11.582091331481934,"orthographic":false}