{"cameraMode":{"drawMode":0,"name":"Shaded","section":"Shading Mode"},"sceneLighting":false,"audioPlay":false,"sceneViewState":{"showFog":true,"showMaterialUpdate":false,"showSkybox":false,"showFlares":true,"showImageEffects":true,"showParticleSystems":true},"in2DMode":false,"pivot":{"x":-1.1920928955078126e-7,"y":0.528267502784729,"z":0.024853259325027467},"rotation":{"x":-0.0024091110099107029,"y":0.9921140074729919,"z":-0.12416094541549683,"w":-0.01961432956159115},"size":0.6524322032928467,"orthographic":false}